,ulasan_hasil_preprocessing,label
0,kota tenang udara sejuk unjung nikmat pandang indah danau gunung awan jarak sunrise,negative
1,letak jawa tengah datar tinggi dieng suguh panorama alam indah danau warna warni situs sejarah kawah legenda daki bukit sikunir nikmat golden sunrise dieng plateau tuju favorit,positive
2,dieng nice weather good athmosphere alam explore dieng acara dieng culture festival gunung prau telaga warna batu ratap angin dll rindu banget wisata dieng candu,negative
3,dieng datar tinggi kenal negeri awan awan lokasi wisata dieng lokasi puncak sikunir batu ratap telaga warna kawah sikidang candi arjuna dll rute tempuh subuh cuaca dingin tulang daki puncak sikunir tuju matahari terbit batu ratap telaga warna lihat theater cerita dieng telga warna kawah sikidang sore main kawasan candi arjuna lupa kesini nikmat kuliner mie ongklok carica tempe kemul harga khawatir harga relatif murah rusak kantong utama warga ramah ramah dieng ngangenin kesini oiya lupa minggu jumatsabtu minggu acara dieng culture festival dcf acara ritual potong rambut gimba music jazz jazz awan gimana sensasi nikmat musik slow cuaca dingin hmmmm dieng best regards kian rental mobil,negative
4,suhu dingin wisata candi kawah sikidang telaga warna hadir pesona wisata alam pandang bukit kawah kawah sikidang telaga warnaawesome,positive
5,full house bedroompenginapan rumah kayu area wisata dieng nikmat weekend inap banyumili johar serta keluarga,negative
6,daerah dingin jalan kota wonosobo dieng macet dieng wisata beda arah mesti tentu tuju utama mana mesti kunjung daerah kawasan mudah hujan saran pagi lokasi siang sore seringkali hujan tuju wisata mesti tetap wisata tiket masuk pergi rombong nilai lumayan besarapalagi pergi lokasi obyek wisata dieng milik perintah daerah kutip biaya masuk dapat pemda kait bentuk badan biaya masuk turis ringan lokasi oh biaya turis asing mahal kali lipat orang asing kesana turis asing cari panas hangat,negative
7,dieng plateautelaga warnakawah sikidang and many moredan warung makan dps ayam rekomendasi deh,negative
8,alam tempuh jarak km depok dieng wonosobo pandang gunung jalan tanjak jalan kesan tambah dieng tambah sensasi sendiri pulang dieng tuban jarang tempuh km susur gunung merbabu,negative
9,salah libur baik pulau jawa spot angle photo tarik parkir pada duduk jual makan sikunir ramah,negative
10,jam pagi walo ngantuk gw usaha sampe puncak sikunir dieng ngeliat sunrise lelah hayati bayar saksi besar allah swt haru kelen nyesel libur guys objek wisata candi arjuna telogo warno kawah sikidang etc kerreen,negative
11,nama dieng asal gabung bahasa kawi gunung hyang makna dewa dieng daerah gunung dewa dewi semayam wikipedia daerah wisata khas jawa tengah kenal hiking wisata sejarah camping dar jalanjalan keluarga belanja oleholeh khas dieng carica souvenir rajin tangan terkadang jual bunga edelweiss lokasi sedia inap konsep guest house harga ramah kantong santap makan siang khas wonosobo mie ongklok tempe kemul atupun nikmat kuliner jual masyarakat capai dieng transportasi kota wonosobo bus lupa bawa jaket siang udara dingin lho,negative
12,duduk dieng ramah unjung wisatawan inap homestay rumah pa medi lantai kamar ruang tamu luas toilet water heater dapur nyaman tarif kmalam muas lokasi homestay pinggir jalan utama homestay pa medi rumah dingin tempat super dingin dieng ramai sore lengkap jajan khas dieng lupa kena jaket sarung tangan sepatu musnah suhu dieng dingin dieng bener kota romantis,positive
13,kawasan dieng milik pandang indah langit bersih udara sejuk sun rise baik saksi bukit dideng unjung bukit scooter sunrise juang daki bukit scooter bayar indah view dieng negeri atas awan janji kunjung,positive
14,sana dingin tetep seru karna pergi bareng temen anak dingin rasa rame,negative
15,udara dieng segar danau candi museum sun rise bagus,negative
16,rasa puncak dingin datar tinggi dieng juliagustus dieng pasuk puncak cuaca dingin derajat celcius subuh lihat embun beku rumput dedaunan tani datar tinggi diengkarena cuaca extreme dingin tanam mati gagal panen kentang busuk beku daun daun sayur layu spt hangus ering busuk,negative
17,negeri awan musim kemarau butir es seringkali hadir sapa pagi nikmat dingin pagi serasa eropamenanti mentari hadir sejenakenwpi hinggar binggar hiruk pikuk kota nikmat atmosfir bumi,negative
18,wisata datang datar tinggi dieng inisalah kompleks candi kawah sikidang telaga warna wisata telusur dieng kompleks candi candi dlm proses pugar tiket masuk harga rp rb sajasudah kawah sikidang tunjuk langsung tiket beli kompleks candi masuk wisata kawah sikidangkarena lupa menunjukannyaanda pungut biaya masuk lg rprb orang khusus anak th bawahmasih gratis kawah sikidangkarena masuk lokasoi cium bau belerang menyengatjado sy berani masuk lokasi kawah keseluruhannyasy suka pandang alam atmosphere sana wisata jugasy jelajah pepet moga manfaat timbang wisata dieng terima kasih,positive
19,libur senang hawa dingin enggan jakarta alami sejarah,negative
20,tunggu sunrise dr puncak sikunir sgt butuh semangat tenaga ngos an tpi trasa capek hati sng rame tman puncak sikuniri love,negative
21,saran pagi pakai tebal hangat dingin musim kemarau datar tinggi dieng lokasi wisata datar tinggi nikmat sunset jalan candi arjuna kawah danau dll lupa bawa kendara jalan kaki,negative
22,jalan jogja makan jam dieng candi arjuna lanjut kawah sikidang gardu pandang telaga warna sana lengkap teater dieng,negative
23,jelajah wisata jawa daerah gunung dieng dieng gunung hyang tuhan dieng gunung tinggal dewa gunung lindung tinggal arwah leluhur kenal zaman prasejarah nusantara dieng gunung api aktif aktivitas vulkanik temu kawah keluar gas uap air lumpur didih kawah sikidang kawasan dieng jumpa bangun candicandi candi anggap tua indonesia dasar tinggal prasasti temu,negative
24,cantik datar tinggi dieng tampil pandang indah udara segar masyarakat manja tamu datar tingggi dieng ulang gn prau nikmat dieng lagiii,negative
25,menjelajahii negeri awan pandang bagus alami,negative
26,udara sejuk pandang kuliner enak murah terjangaku,negative
27,kunjung pas musim hujan pas agustus acara dieng festival,negative
28,rugi libur kesini ribu pandang alam indah eksotis siao jamu kuliner nusantara jejer jalan jumat sabtu minggu rame unjung boking inap bagi malam fan agustus hotel full susah cari kosong,negative
29,dieng malam terang minim desa tinggi pulau jawa sungguh tawan tingkat kelola,negative
30,dieng bagus cocok honeymoonfamily gatheringdll dieng elf mobil pribadiberangkat jam pagi halang kabutsikunirsikidanggunung prautelaga warna destinasi utama,negative
31,area sebar kawah telaga warna sikidang bangkit listrik tenaga panas bumi spot sunrise kenal sikunir prau informasi lengkap intip youtube channel alfalegro jalan jalan,negative
32,nyaman adem liburanbamyak pilih kunjungieasy get homestay but always busy when holiday timeso sen kamar musim libur,negative
33,nyaman hirukpikuk ramai kota suhu kisar derajat siang derajat malam minus eropa tarik wisatawan tempat lokasi inap atraksi wisata jarak ramai weekend,positive
34,rugi unjung datar tinggi dieng maniak wisata destinasi tarik kait sejarah alam letak dekat,positive
35,bawa jaket tebal makan topi kupluk kaos kaki syal dingin banget bawa makan banuak kabut jam sore kabut turun rumah warga sewa losmen warung tradisional lupa beli purwaceng minum sehat berangkat karna purwokerto banjarnegara wonosobo dieng pulang cepat sikembang,negative
36,desa tinggi pulau jawa pasti kunjung lupa bawa pakai hangat suhu dingin suhu datar tinggi dieng dingin kadang cipta embun es salju,negative
37,ketulungan alias ampun panas pagi hari laut empunya homestay laut panas angin beda kemarin bukit cinta super panas menyebrang pagi sempat pantai kartini hari nikmat wisata lautamazing,negative
38,kali dieng emmmmternyata keren jugaapa lg daerah dieng wisata dekat,negative
39,udara dieng sejuuksaat pagi hati nikmat matahari terbitlalu kawahdan inap sana sederhana nyaman,negative
40,dieng wisata rekomendasi candi arjuna candi gatotkaca telaga warna bukit sikunir dll dieng dingin beda kota bandung jakarta,positive
41,kontribusi daerah tertib masuk bayar masuk kawah kidang bayar masuk telaga warno bayar lagibanyak tari parkir foto bayar orang pemda perhati tertib bagus layan,negative
42,destinasi cokol datar tinggi ideal lepas penat sibuk udara segar khas gunung sayang layak wisata ramai kunjung muncul aneka sampah sisa unjung destinasi sulit kontrol akibat biasa buruk kecewa kunjung kesini pandang saji ekspektasi,negative
43,berkalikali datar tinggi dieng bosen nikmat viewpemandangantlaga warna etc komplex candikawah mampir jalan nikmat udara segarpemandangantlaga warna bukit,negative
44,kali pertama gue pergi dieng btw kitaa dieng pake motor jalan kiri kanan jurang sumpah gue takut banget hati gue yaa tuhan lindung syaa lebay pikir pas udh nyampe dieng tadinyaaa udh lemes trus ngliat indahnyaaa dieng langung seger bugar masuk wisata didieng murah murah harga murah banget guys wajib banget deh suka dingin gitu selamat libur dieng,negative
45,wisata kawasan gunung kawasan gunung vulkanik dpl kawah aktif kunjung objek wisata salah satu kawah sikidanglokasi kawah lokasi parkir mobil udara sejuk bagus foto warung sederhana nikmat makan ringan kentang gorengtempe dll situ area candi arjuna tata parkir toilet warung nikmat makan utama toilet bersih banget sejarah candi info asal abad dr wangsa sanjaya kuasa mataram hindu candi telaga warna cekung vulkanik bau belerang spot foto sana lokasi parkir wisata dieng plateau inap bawa kendara kenal medan jalan kelok sempit tajam tour travel dr kota jogja kota dekat wonosobo,negative
46,wisata dieng temu obyek wisata salah satu komplek candi arjuna kawah sikidang telaga warna cema bencana dieng dll,negative
47,datar tinggi dieng desa awan traveller salah lokasi wisata rekomendasi kunjung karna pandang indah lokasi datar tinggi suguh pandang bukit indah udara dingin khas bukit objek wisata indah keliling candi telaga warnawarni cantik tradisi masyarakat lestari,positive
48,udara sejuk pandang bau belerang tambah kebahagian refresing,negative
49,dieng sakah lokasi wisata bagusselain obyek wisata dukung udara sejuk bersihkawah sikidang salah satunyajuga dieng plateujuga telaga pengilonan kece bangetbanyak homestay tebar murahsempatkan makan mie ongklok mie kua kentalciamik home stay recomended sapah satu home stay deenamau candi arjuna tinggal jalan kaki mjuga lupa minum minum purwaceng rb pergelasmantap,positive
50,datar tinggi dieng takjub unsur budaya kental balut unsur mistik dieng wisata indah,negative
51,pergi dieng pasang meningalkan kesan beda tinggal kenang sama,negative
52,datar tinggi dieng tempat sejuk view bagus bukit sikunir pandang gunung lumayan terjal bukit,negative
53,libur senang obat penasaran betmain negri dewa usaha lokasi dieng plateau sore istirahat recovery energy hilang jalan carilan inap sesuai budget malu bertanyakarena orang ramah friendly inap orang kisar air panas mandi lupa bawa khas dieng carica makan khas mie oklok kupat selamat libur,negative
54,takjub dieng bukit sikunir nikmat sunrise bukit minimal bawah bukit pagi daki pos pos shalat shubuh pos rasa atas awan pos puncak sikunir negeri atas awan nyata detikdetik matahari nikmat besar allah swt sana,positive
55,datar tinggi dieng jawa tengah jalan dieng kelak kelok tanjak kuatirpenumpang suguh pandang indah bagus hawa segar dingin tani kentang kol buah sayur sampa diengkami kawah sikidang mana nikmat suasana segar aroma kawah jual kas dieng buah carica jamur putih puas kawah sikidang foto ria dieng plateu luas candi background tarik foto foto teletubis hello kitty orang pakai boneka tsb diengbakal pingin kesana ayo travellersegera kunjung dieng,positive
56,tempat indah asli danau warna tawan udara sejuk betah berlamalama,negative
57,wonosobo salah distinasi wisata jawa tengah salah datar tinggi dieng lokasi kunjung wilayah dieng kawah sikidangcandi arjuna telaga warna pesona,negative
58,datar tinggi dieng letak kabupatenyaitu wonosobo banjarnegara akses mudah kota wonosobo bus antar pagi sore tempat wisata inianda nikmat indah alam wisata sejarah candi hindu goaair terjunkawahtelagapadang savanasampai pandang matahari terbit pukau,negative
59,dieng datar tinggi jawa tengah sial budaya benda tinggal dalam yaitucandi dieng juluk tanah dewa wisata religi budaya indah alam dieng tawan kawah telaga daya pikat wisata dieng,positive
60,jebak macet total jelang pintu masuk kawasan dieng jam an pikir kunjung libur lebaran waspada kunci selamat patuh rambu tertib cuaca sejuk,negative
61,homestay candi arjuna unjung kali hari tempuh jalan kaki,negative
62,bagus jadi destinasi wisata keluarga tp dar masuk alangkah baik tata salur air karna paralon seliwer rusak pandang,negative
63,sekian kali dieng taoi bagibsaya dieng adem indah sejuk nyepi dieng bwgitu rame musim libur kecuali sunrise sunsetnua guys lumyan ramai beberaoa wisata kunjung dieng kawasan candi arjuna sumur jalatunnda candi dieng theatre sikunir gprau telaga warna kawah candradimuka kawah sileri kawah sikidang dll,negative
64,kangen dingin mampir dieng ak bus jakarta kaget dingin minus pagi gunung nikmat sunrise,negative
65,datar tinggi dien kenal udara dingin tinggal kota rasa nikmat hirup udara segar bersih paru hahahaha,negative
66,dieng plateau indah kaya kaya alam alami udara bersih datar tinggi daerah mati orang tawar suasana gunung jangkau kendara orang suka daki jalan suguh pandang tarik daerah datar tingi dieng,positive
67,ulas kali kunjung keduaduanya malam cuaca dingin dieng tawar duduk super ramah betah sana tamu,negative
68,datar tinggi dieng negri awan negri dewa diesebut karna letak capai mdpl kirakira indah warga tinggal sana ramah tulus bantu wisatawan keluarga sana bulan rindu menggebugebu,positive
69,nikmat pandang sejuk udara gunung dieng acara dieng culture festival siang kit abisa unjung lokasi wisata komplek candi dieng telaga warna gunung sikunir malam saksi tunjuk wayang jazz awan tutup terbang ribu lampion langit malam,negative
70,objek wisata jawa tengah wajib kunjung budaya unik objek wisata dalam tarik tawar pandang alam awesome,negative
71,udara sejuk indah berlamalama berguligguling rumput komplek candi nyaman moment libur lokasi penuh unjung kelola tambah hibur unjung beupa badutbadut teletubbies wayang orang arjuna jg buto cakil ajak foto foto masuk uang ikhlas kardus sedia,negative
72,datar tinggi dieng simpan sejarah adap kuno banyak tebar candicandi tinggal adab lampau datar tinggi dieng nikmat wisata alam tarik candicandi tinggal adab lampau hampar datar tinggi dieng luas piknik keluarga teman pasang,positive
73,bingung eksplore dieng rekomendasi wisata cumbu saksi hidup saksi hidup talaga cantik talaga warna pengilon stress puncak teriak batu pandang dieng sekencangkencangnya tambah wawas dunia candi candi mahabarata dieng wajib telusur jago daki nikmat sunrise bukit sikunir baik gardu pandang tieng buat sentuh awan,positive
74,wajib kunjung oh sahakan pulang matahari benam jalan tutup kabut,negative
75,jalan turun bukit liku lewat kampung dijawa jam kota jogja bayar puas indah datar tinggi dieng telaga warnakawah sikidangbrrbagai candi hindu mandi air panas lokasi jarak uang jauhdatanglah tempat jam pagi karna sore kabut pekat mwnyelimuti jalan kota wonosobo arah diengjangan lupa nikmat makan khas mie ongklik nikmat dusajikan panas carica buah khas wonosobo,negative
76,dieng salah wisata jenuh kunjung indah damai alam pesona eropa dieng kalah indah,negative
77,desa tinggi mdpl cuaca dingin terutam pagi malam dech jaket tebal bicara asap mulut duduk ramah homestay mana desa betah lama tempat wisata mudah capai kecuali gunung prau mendakidatanglah event dieng culture festival ada tahun bebrburu tiket nikmat dieng negri awan,negative
78,dingin nggak nyesal utuk kunjung dingin salah kostum klw main gunung,negative
79,suami puas paket tour dieng nusantara trip jemput driver ramah komunikatif customer service ok bingitsbanyak kasih rekomendasi makan enak rangkap photografer libur kece recommended banget deh pokok,positive
80,libur kesini senang suasana damai sejuk hati ademm bangetlike moment,negative
81,wisata datar tinggi dieng kenal agro wisata hasil kentang carica hati kendara daerah dieng jalan tanjak curam liku daerah longsor tanah gembur tanam kentang,negative
82,nikmat udara sejuk bersih pandang hijau mengampar kawasan dieng inap makan murah,negative
83,pesona indah love you dieng dingin udara sejuk bersih libur kali keluarga wisata dieng kunjung sikunir candi arjuna sangan puas senang bawa anak nikmat sunrisenya indah sikunir kabut seliling puncak sikunir tutup negri awan liat kecewa sikunir langsung candi arjuna candi prambanan pandang keliling wow telaga warna kawah oh iya bawa orang tua anak saran bawa baju hangat tebal rena udara dingin,positive
84,candi luas lokasi inap homestaydekat makan jugamenurut sy candi unik karna bgt bunga kecubung tumbuh lokasi candi kesana malam harum bunga kecubung khas suasana candi mistis sayacandi candi prambanan versi mini nyabila putar kawasan candi arjuna makan milik parkir luas memadaibis pariwisatamobilmotor jangkau inigak lengkap dieng mampir candi,negative
85,tinggal homestay makan mie ongklok carica udara malam dingin warga ramah fajar sunrise tanjak lumayan cape bayar indah pagi cerah,negative
86,brrrrudara dingin langsung injak kaki datar tinggi dieng cantik wisata sejarah keliling komplek candiperjalanan lanjut telaga warna kawah sikidang recommended nikmat pandang alam cantik udara segar,positive
87,negeri awan udara dingin pandang worth it banget recommended banget moga tempat ngangenin,negative
88,biasa polusi udara ibukota coba datar tinggi dieng udara sejuk dingiinn cocok libur daerah desa udara segar destinasi wisata kunjugi dieng plateu theater kawah sikidang telaga warna batu ratap angin puncak sikunir sunrise puncak sikunir the best golden sunrise dsajikan manja mata cipta tuhan inap dieng tag khawatir tips bawa baju hangat suhu udara extream super dingin,positive
89,salah destinasi wisata wajib kunjung samping alam indah sejuk lokasi tinggal sejarah nusantara kawasan candi arjuna candi bima candi gatotkaca,negative
90,kesini dingin milik pilih transportasi lokasi wisata favorit kenal kabut tipis limut kawasan candi dingin gigit candi rasa hangat minum ramu ajaib purwaceng,negative
91,wilayah wonosobo datar tinggi suguh pandang takjub bangun candi hampar padang rumput danau telaga warna pukau,negative
92,kontradiktif suhu pulau jawa tropis datar tinggi dieng suhu derajat celcius musim kemarau pagi kristalkristal es dedaunan datar tinggi dieng gunung vulkanik aktif jawa tengah,negative
93,jalan kota magelang kawasan wisata dieng tempuh jam magelang tanggung wonosobo jalan sempit ruas rusak tanjak curam bisa hindar jalur alternatif putar gerbang selamat kena tarif parkir kendara papan mobil rp bayar rp tugas alas biaya orang diskon ber rp rp debat pikir raya idul fitri harga beda asa kayak pungli musim panas juli udara sejuk pakai topipayung terpa sinar matahari sengat kawasan milik pandang takjub sedia wilayah borobudur magelang jogja lupa beli produk olah buah ciraca khas dieng terong belanda,negative
94,hujan pesona candi arjuna dieng plateu jalan lumayan pacu detak jantung jalan sambut hujan pandang takjub,negative
95,datar tinggi dieng udara dingin sejuk tarik kompleks candi candi dieng unik beda candi kawah kawah kandung asap belerang indah hati hati nikmat kawah kawah,positive
96,kota unik pabila hujan cuaca malam gerah pabila siang panas malam dingin masuk lemari es wisata telaga warna batu ratap angin sumur jolotundo candi arjuno dkk dieng theatre kawah sikidangdan,negative
97,saksi candicandi hindu letak jauh sumber belerang mana berhatihati asap mati,negative
98,dengar cerita browsing internet indah dieng sempat ngerasain udara sejuk indah panorama alam datar tinggi dieng sayang datang pas acara festival upacara tradisi gunting rambut suku anak gimbal seru,negative
99,halang pas may ad libur long weekend langsung plan sungguh cipta tuhan jalan tempuh bus makan jam jakarta bayar pandang sunrise sunggu daki kesana juang banget orang kesana ganti antri bukit sikunir penuh orang kesana berangkat jam subuh pas matahari terbit sungguh kagum merinding sungguh hasil karya tuhan indonesia kaya tempattempat indah amazing god,positive
100,daerah dieng daerah datar tinggi keliling gunung udara sejuk segar suasana desa nyaman tenang hilang penat rutinitas,positive
101,kenang indah bs tempat eitsjangan lupa siap baju hangat jelajah pagi rasa sensasi khas dieng dingin menentramkan,negative
102,suasana benarbenar alami keliling bukit gunung hawa dingin dekat subuh lapis pakai bahan polar dingin tiket wisata dieng golong relatif murah cobain buah khas dieng kenal ahhh rindu kesana,negative
103,suka datar dieng hawa kluar selimut enak tidur rugi idur dieng kawasan eksplor kawasan dieng kenal hasil tani agrowisata tarik dieng lupa cari carica makan khas dieng buah,negative
104,udara dieng sejuk betah berlamalama nikmat pandang indah gugus lahan tani hijau nampak pesona wisata candi kawah danau waterpark air panas budaya unik anak rambut gimbal penasaran kunjung dieng,positive
105,neng kesini udara dingin alam kemarin am sinar matahari intip am sinar matahari hilang tel kabut sore sahabat bayang gimana dingin sana alam debar sana cottage murah lho susah cari murah daerah ramai dikunjugi wisatawan lupa kesini wonosobo,negative
106,dieng potensi pariwisata kembang nikmat alam batu pandang view telaga warna telaga warna penuh sejarah kawah sikidang kepul kompleks candi arjuna takjub wisata alam wisata datar tinggi dieng bs ajar sejarah bukti dieng museum putar film dokumenter sejarah dieng wonosobo dieng jarak jam,positive
107,dieng pokok keren ganbener orang dieng negeri awantempatnya bersihindah keren bro,positive
108,orang hidup kota rasa sensasi tenang masuk daerah udara sejuk pandang hijau libur macet dimanamana tata serius rusak tatanan daerah kali dieng sengaja kesana dar mampir kesana,negative
109,dieng kenal juluk meger awan awan tutup kampung jadi dieng layak negeri awan,negative
110,unjung dieng gunung alam desa suhu dingin malam mandi air panas coba tracking pagi buta sunrise tuju wisatawan candi gunung susur sejarah raja pulau jawa,negative
111,dengar twntang dieng sempat langsung dewa indah niasa pukau kesana habis hujan tamah suasana dingin kabut sejarah candi pesona kawah pukau telaga warna ubah sdg matahari,positive
112,ken ngadem recommended banget udara segar viewnya indah inap murah,negative
113,dieng plateau milik indah wisata keliling wisata,negative
114,kunjung rencana bawa mobil jakarta jarak tempuh jam nonstop tempat rumah duduk guest house khawatir habis malam rekomendasi inap sunrise desa cikunir kalah pandang sunrise bromo jawa timur kawah telaga warna indah komplek candi bima dingin lokasi bagus awat kawah sikidang pancar kawah sulfur murni keren foto tonton film theater cerita suasana dieng suka makan biaya masuk kawasan wisata murah inap skitaran ribumalam dingin usaha bawa jaket payung masker masuk kawah sikidang foto lupa mobil pribadi saran lokasi wisata jauh transportasi dalam area kawasan wisata dieng lupa beli carica enjoy,positive
115,salah kota impi datang kunjung januari jalan tanjak jalan sempit jantung debar timpal pandang lokasi wisata putar kawasan dieng worth it banget pokok,negative
116,biasa candicandi jogja candi dieng tarik tarik kentang goreng udara sejuk trus wisata paket candi telaga warna dieng plateu,negative
117,datar tinggi dieng seolaholah jalan puncak gunung jalan sempit tanjak berkelokkelok pandang kagum nikmat kecuali kemudi konsentrasi penuh jalan lokasi kunjung candi kawah danau,positive
118,kawasan candi exotik pandang sekitar lokasi bukit sebab pandang luas hawa dingin siap jaket tebal kendara sehat samping kawasan tani apik tata luapa bawa kamera lokasi abadi,positive
119,golden sun rise kunir incar wisatawan lokal mancanegara saya coba tracking bukit kunir potret sun rise apit kabut gunung sindoro sayang masuk kawasan retribusi,negative
120,datar tinggi dieng udara dingin sejuk mana juli agustus turun salju datar dieng so jauhjauh negeri salju,negative
121,datar tinggi dieng kabupaten wonosobo capai kendara pribadi bis kawasan wisata sungguh indah suhu udara dingin malam kawasan kawah dieng capai bibir kawah kawah wisata kawasan dieng hitung lengkap kawah candi museum sejarah dieng telaga warna kolam renang air panas inap sewa rumah rumah duduk baur warga hidup hari harga relatif mur silah nikmat indah alam dieng,negative
122,keren banget nyaman indah ramah dsni ad hotel ad homestay murah banget orang harga mahal calo pinggir jalan mantap nikmat hasil karya leluhur agung candi bangun wawas bangsa dieng sungguh agung,positive
123,verry recomended keluarga dadak libur dieng sana nuansa alami suasana religius membanti mahal duduk sopan ramah jujur kesanahub edi tuparkita dpt sewa inap kapasitas org hnya ribu,negative
124,dieng pandang gunung indah objek wisata tarik spt telaga warna komplek candi arjuna theatre dieng plateau sikidang sedia hotel pada hrs pulang inap wonosobo,negative
125,candi temu datar tinggi dieng dieng temu pandang alam indah objek wisata telaga salah satu telaga warna kawah sikidang teather history dieng puncak sikunir gunung prau candi tengahtengah dieng halaman luas hijau serat udara sejuk dieng salah destinasi traveller,positive
126,cuaca datar tinggi dieng dingin jaket pakai kena seharihari malam udara dingin wisata kunjung dieng dieng sedia homestay sewa kamar rumah,negative
127,daerah wonosobo tepat daerah diengbanyak wisata kunjung tonton film dokumenter teaterbatu ratap anginsikunir telaga warnabila rencana libur kemari lupa jaket sarung tangan suhu udara dingin,negative
128,udara dingin damai tambah saji mie ongklok danau warna tinggi pandang hijau kan kiri mata fresh,negative
129,area wisawa alam dieng awat perintah masyarakat unjung sampah vandalisme kotor objek wisawat,negative
130,kunjung wonosobo lengkap kawah dieng bau belerang pekat kurang indah pandang kotor unjung buang sampah sekitar kawah pemda wonosobo kelola,negative
131,kultur kental adem ruanga ac makan sayasukaitu mie ongklok susah daerah wonosobo dieng ampun tempat romantis banget cocok org pacar,negative
132,dieng dingin kalih indah kalih gunung sikunir golden sunrise telaga warna view telaga warna super keceh candi arjuna candi jaga kawah sikidang eksotik wisata alam lengkap banget deyh dieng plus area wisata dekat langsung mendatangin wisata akomodasi khawatir inap murah mobil motor sewa,positive
133,obyek wisata tempuh banjarnegara wonosobo kalong suhu lokasi datar tinggi plateau dieng dingin obyek wisata nikmat kompleks candi arjunabima gatotkaca dllada theater putar film dieng kuda telaga warnatelaga cebong kawah aktif nikmat matahari terbit sun rise bukit cikunir nikmat seni tradisional pakai wayangreog panorama indah gunung ling kebun kentang pltpb bangkit listrik tenaga panas bumi geo dipa sekitar inap rumah pendudukbungalow lupa belanja souvenir oleholeh khas dieng tongkat pringgondani kaossyal logo dieng minum purwaceng carica jenis pepaya minikacang dieng kentang buahbunga sayur cabe dll abadi kenang manis foto depan candi,negative
134,kmrn lokasi transportasi lokasi istimewa akses wisata bs tuju kendara pribadirental mobilsistem paket kondisi hujan nikmat lupa syg indah sempurna informasi foto edar baik lokasi agustus skrg tenaga kering bukti pancar sunrise maksimal dll but overall dieng destinasi wisata hrs masuk dlm list kunjung,negative
135,wisata alam sejarah bagus kenal unjung ramai libur orang kostum tradisional ajak foto sekitar latar candi cocok foto hawa lumayan dingin saran pakai pakai hangat transportasi ojek bus kendara pribadi jalan kaki temanteman,negative
136,kesini guysletaknya km lautalamnya indah masyarakat ramahsore jelang malam pagi dingin cuaca baju lap jaket tebal bertahandan lupa coba minum khas purwaceng mi ongklok kenal itusekedar saran hindar peak season kesini ramai macet plus nikmat indah sunset spot bukit penuh turis,negative
137,suka dingin dingin rasa ramah indah dapat jalan terminal bis wonosoboada opsi terminal bis jalan lanjut bus arah datar tinggi dieng harga rp jam jalan gapura masuk datar tinggi dieng hampar ladang terasering tanam kentang hampar manja mata udara dingin kabut sambut udara segar manja hidubg kuat dingin jaket peralanan inap harga rp malam harga rp malam gantung ruang fasilitas tawar inap sedia air panas gigil mandi urus inap selesai jalan lanjut unjung telaga warna kompleks candi arjuna dieng plateau theatre jangkau jalan kaki kuat jalan ojek sewa kendara pandang manja mata udara segar mantap cicip kuliner khas daerah piliahan jatuh mie ongklok semangkuk mie rebus denga kol siram kuah kental manis gurihcita masakan jawa khas rasa mie ongklok habis porsi mie karwna tunggu sebentar jamin langsung dingin udara dieng dingin sore minum sila coba purwaceng minum khas daerah kombinasi jahe remah rempah badan hangat kunjung dieng manja indera jamin tagih daerah takjub,negative
138,indonesia indah penggal indah indonesia dieng wisata wisman ato wisnu wajib minimal rasa libur dienh wisata telaga warna kawah blerang candi puncak sunrise indah kunjung indah,positive
139,jalan dieng mobil prima jalan tanjak arah gunung suhu sana lumayan dingin bawa jaket anti angin pakai sweather kawasan dieng wisata candi danau bukit sunrise takut inap wisma inap sana wisma sebar info nomer telp web masingmasing cari,negative
140,daerah jalan bisnis inap kota wonosobo bisnis daerah dieng sangka daerah dieng bagus cuaca dingin candi candi saksi bisu daerah daerah makmur,negative
141,senang kunjung dieng suami wisata dieng remaja teman pagi jam dieng jalan lingkar gunung kuatir untung libur jalan lancar jalan udara sejuk bersih pandang indah jauh gunung lingkar kabut pagi bagus tanam hijau segar jalan jauh jg kelompok rumah penduduksempat pikir untung tinggal sejuk bersih langsung plateau theater sayang buka tp buka bekal teman sedia nasi megono lengkap tempe bacem bayang dingin sunyi makan dua pandang alam indah lupa perut kenyang jalan mana telaga warna indah cipta tuhan lukis pandang kalender ambil foto sudut berselfie kunjung kawah candi tp batas paksa turun lanjut jalan jalan turun lihat tani panen sayur ngkol kobis panen semangka puas wisata dieng segar,positive
142,tempat bagus indah nyaman santa cuaca dingin untung jual makan hangat daerah wisata,negative
143,dieng kota wonosobo batas kabupaten banjarnegara banyuma objek wisata wonosobo lengkap lihat candi dieng danau kawah kebun terasiring sayur and kuliner wisata alam ragu keindahaanya trus bioskop mini dimensi sejarah dieng lakilaki suka minum ber energi ramu khusus purwaceng ramu diengbisa coba khasiatnyauntuk kuliner mie ongklok maknyusdan pas banget hawa hangat suasana dieng dingin lupa bawa kamera jas hujan topi sepatu cats and jaketrugi abadi,positive
144,pesona juta wisata dieng trip dieng wisata tinggi pulau jawa tepat desa sembung dieng letak tengah tanah jawa dieng bagi kabuten banjarnegara wonosobo,negative
145,udah cerita dieng indah emang tp dingin dahsyat jelang magrib udah nafas asap homestay murah tp makan enakboleh bilang enak spertinya duduk komersil siapin kaki cadang jelajah dieng dr sikunir sampe smuanya gel pake bgt lupa jaket tebal sepatu tutup telinga super tp smuanya bayar foto bagus iri teman,positive
146,masuk kawasan dieng pandang indah awan tipis tutup gunungseperti gambar kitab ramayanaswargalokajalan lumayan bagusbanyak lok mendakiharus hatihatibanyak temu kebun kentang pohon carica central kota dieng ramai lomba sepeda motorsehingga cari jalan candi datar dieng bangunana candi hindu sayang utuh candi bimacandi gatotkaca jalan susur jalan paving museum depan warung jual topi syal carica manisankripikgoreng kentangjamur gorengterong belandasemacam paprica khas dieng dll soto ayam ayam goreng lumayan sarap pagi panjang jalan kelompok orang pakai teletubes sharinablacksheep uang foto ria objek dieng plateau kawah dieng telaga warnapengilon kawah candradimukaair terjun danau atas sulit jalannyakami pilih telaga warna konon warna air ubah sayang sana air telaga nikmat ubah warna belanja kentang manis caricakami terus jalan danau menjer cerita sungguh indah pandang dieng plateau inisayang terawatmasih sampah toilet kuranggunung gundul penuh pohon kentangrawan lomgsorsemoga perhati wenang,negative
147,indah dieng sebar kemanamana kunjung kota jogja magelang saran terus jalan unjung dieng sunggu indah datar tinggi tawar udara sejuk alam indah lupa beli oleholeh khas dieng carica carica manis buah pepaya ukur,positive
148,dingiinnnn disanaccok pake jaket spatu shallperjalan start jam malam dri jogja dihomestay jam pagiiistirahat sjenak hubung tmen lemass abis mabokk hehehenaik cikunir jam pagi kereenn liat sunrise amazing bngedd,negative
149,jalan datar tinggi dieng suguh pandang indah hawa sejuk jalur wonosobo kawasan datar tinggi dieng objek wisata gunung prau bukit sikunir kawah sikidang candi arjuna dll makan khas dieng mie ongklok sana carica papaya,negative
150,pasti kaki kuat bawa tutup hidung kolam belerang datar dingin sejuk candicandinya masif borobudur prambanan orang lokal seru jadi guide mesti paham sejarah,negative
151,jalan jalan datar tinggi dieng cocok minggu aktivitas tempat tenang suhu udara berrrrrr dingin segar freshsejauh pandang liat hampar sayur aneka bunga pegununganbanyak inap sana malam,positive
152,jalan dieng kota mana yogyakarta purwakarta semarang butuh lelah setir suguh paket wisata alam dua pulau jawa objek wisata dieng candi kawah vulkanis telaga bukit sunrise dar berputarputar keliling kota tinggi pulau jawa nikmat hidup warga cocok tanam kunjung dieng wajib bawa baju musim dingin malam dingin beli lengkap hangat tubuh toko inap kenal dunia maya penjuru dunia booking saran booking inap transportasi bus antar objekobjek wisata nyaman sewa kendara biaya parkir mobil rp objek wisata makan temu dimanamana khawatir blogblog ulas restoran warung dieng coba harga khawatir jamin uras kantong,negative
153,juni juli agustus baik kunjung datar tinggi dieng nikmat golden sunrise rasa dingin dieng untung es limut rumput pagi suhu capai minus derajat celsius wow alam menakubkan tinggal negara tropis sempat saksi dieng culture festival tunjuk budaya plus seni kemas tarik jazz awan festival lampion tunjuk wayang kulit ritual potong rambut gembel anak asli dieng dieng wisata komplet agam candi arjuna bima dll kawah sikidang telaga menjer telaga warna dll treking bukit sikunir gunung prau salah kostum lupa beli oleholeh manis buah carica khas dieng,positive
154,jalan jam aceh dieng bayar lunas dieng culture festival petjah peminatpengunjung akibat bbrp acara organisir akibat unjung sukarela panggung buang sampah dll dieng plateau wajib kunjung luar acara dcf spotspot wajib gunung prau candi arjuna museum kailasa kawah sikidang lewat bbrp hidden spot padang sabana kawah sikidang mantab jadi spot foto foto,positive
155,amat kunjung dieng samping suguh pandang tedapat objek wisata bagus telaga warna kawah sikidang rekomendasi wisata keluarga hotel losmen murah dieng popuker losmen bu djono tawar inap amat murah,positive
156,area wisata daerah jawa tengah konon kabar datar tinggi hun no tinggi tibet kenal atap pulau jawa inap homestay mawar merah juli sd agustus cuaca dingin kemarau embun es pagi saran inap daerah harap bawa jacket tebal kupluk sarung tangan plus syal suhu sd derajat celcius malam kemarau juli agustus ikut dieng culture festivaln dcf mana ada obyek wisata kunjung jalan dieng kalong suguh pandang indah lupa nikmat golden sunrise bukit sikunir desa sembung km lokasi dcf nanjak menit lelah pasti bayar golden sunrise berangkat jam an tinggal golden sunrise lupa bawa masker jalan debu jalan pulang makan mie ongklok khan wonosobo lewat lomie kecap khan dieng carica pepaya dieng,positive
157,wisata alam rekomendasi kunjung kunjung banjarnegara wonosobo teman keluarga pandang alam indah bangun candi kuno sejarah alir udara segar,negative
158,keluarga senang panorama indah keren sesal poko,negative
159,gunung indah udara sejuk segar wisata candi telaga warna kawah kidang saran berangkat subuh matahari terbit,negative
160,eropa indonesia gambatan pas wisata datar tinggi dieng iklim beda datar jawa sayang bus sulit tembus lokasi siap kendara super ekstra,negative
161,penasaran indah matahari terbit bukit sikunir rela bangun jam pagi tengah dingin cuaca dieng baju lap tambah sarung tangan tutup kepala dingin gigit tulang penasaran rela daki bukit sikunir tani lampu senter ada indah alam jelang matahari terbit jalan lelah hapus sesal bangun pagipagi dahulu kokok ayam,negative
162,datar rada tinggi dpl milik suhu udara saatsaat mcapai siang kabupaten wonosobo kabupaten banjarnegara indah dieng plateu lukis telaga kompleks candi air terjun kawah kawah mati dsb indah legenda dieng dewa bersemayamhmmm pasti indah dieng sulit lukis katakata luarrrr biasaaa,positive
163,lebaran kemarin main dieng dingin super dijogja panas pool eh dingin pool tips kesini bawa mantel tebel temen nyoba pakai jaket sampe depann udah serah lambai tangan untung rombong bawa jaket homestay rb makan rb tips beli bensin dipom bensin ecer kali lipathha,negative
164,salah kawasan datar tinggi dieng surga dunia sudut tawan kawasan telaga warna goa tari dikit candi megah museum kawah kalah indah cocok abadi puncak nikmat indah sunrise pagi pasti serasa layang awan putih salah negeri awan,positive
165,lukis indah datar tinggi dieng heran juluk dieng land of god tanah dewa indah spectacular tambah udara fresh lahan tani subur duduk ramah lokasi wisata pilih magnificent kesini saran minimal hari inap explore indah alam banget dieng kunjung dieng syukur nikmat karunia awesome indonesia,positive
166,suka momentum matahri terbit sunrise salah indah indonesia saksi sunrise datar tinggi dieng sunrise pandang bukit gunung prau bak lukis pandang alam nyata matahari terang kumpul awan lihat dada dieng negri awan,positive
167,penasaran tagline puncak tinggi pulau jawa oktober pergi karya wisata puncak diengciekarya wisataky anak sekolah ajahehehe jalan surabaya naek kereta api naek sancaka jam pagi nyampe jogja jam siangdi stasiun tugu udah jemput tmn jakarta emang janji dieng jam siang otewe dieng naek motorbuset lumayan ternyataharus magelangmuntilantemanggung wonosoboitupun jalan desa sembung tuju kaminyampe sembung malam rekom banget tripnke dieng bagus dinikmatimulai pucak sikunirtelaga warnacandi pandawadan jalan tgl oktober follow instagram id liat foto jalan dieng,positive
168,daerah indah jalur dieng pesona kabut negeri awan penginepannya ratarata homestay kirakira inap lumayan enak hotel penginepan model kos kosan exlusive pagi pasar jajar temu jajan tradisional bus dieng plateau murah tarif rp makan wajib coba dieng mie ongklok carica tempe kemul wedang purwaceng original kopi susu harap kesini inap pesan penginepan jauhjauh dada kesini pas libur weekend rame,negative
169,dieng culture festival backpacker teman pesan tiket online homestay karna full wisatawan homestay putri izin tidur ruang tamu hehehe wisata dieng plateau candi kawah telaga warna telaga balaikambang airterjun sunrise sikunir gunung prau festival acara adat potong rambut anak gimbal lampion jazz awan kesan bosan,negative
170,jawa tengah keliling gunung salah satu datar tinggi dieng letak kabupaten wonosobo banjar negara mudah jangkau kabupaten keluarga berangkat kota semarang jam lokasi jam siang sholat dhuhur kunjung kompleks candi arjuna bangun candi golong pendek letak tinggi keliling bukitbukit kompleks indah udara dingin unjung siap pakai jaket area parkir dagang pakai makan coba cicip kentang goreng kripik jamur jual kentang jamur lumayan enak coba candi tuju kawah sikidang kawah didih pagar warga jual telur rebus panas kawah pandang indah puas nikmat lanjut telaga warna kawasan telaga telaga warna telaga pangilon unjung air telaga warna hijau keliling bukit telaga indah informasi pandang baik bukit sidengkeng sayang tidka lanjut bukit sore hujan rencana obyek kunjung laksana nikmat obyek butuh nikmat puas,positive
171,datar tinggi dieng kenal dieng plateau salah surga wisata tanah jawa datar tinggi temu sensasi agro wisata budaya kawah telaga daerah wisata dieng lupa bawa jaket kaos kaki topi barangbarang cuaca dieng dingin pagi capai derajat celcius sejuk siang harikamera salah barang wajib bawa spot cantik temu foto kawah sikidang sila sensari foto candi arjuna coba pepaya khas dieng kenal carica lupa pepaya harum wangi manggan jumpa diengmengunjungi dieng spot tarik sayang lewat ramah khas jawa tinggal kesan dalam sayang wisata temu sampah sera wc kotor bau,positive
172,telaga warna kawah sikidang candi arjuana kesini dinggin awan tebal embun kesini makan warungwarung sate kelinci,negative
173,jawa barat puncak bogor jawa tengah puncak dieng heheheudaranya dingin dingin bogor jalan liku ngeri hati nyungsep jurang sore jarak pandang minim kabut hati bawa kendara moga manfaat,negative
174,negeri awan sebut dieng dinginnnnn ampun ampun brrrrr cocok pasang alias pengantin niy hihi cocok dieng musim dingin posisi puncak indah negeri atas awan subhanallah keren bgt atas motor tp view daki gunung gitu lupa beli buah tangan bunga edolweis bunga abadi dasar bunga lindung gunung deh boleh bawa turun bunga daki gunung bel harga murah bgt rb bucket senang nikmat indah telaga warna bnyk indah dsni terima kasih karunia allah indah indonesia ku,positive
175,dieng datar tinggi dewa semayam tempat kota buat istimewa hawa sejuk sambut unjung dieng plus hampar awan putih unjung serasa atas awan akses mudah dieng wonosobo objek wisata wajib kunjung bukit prau candi arjuna bukit sikunir telaga warna kawah sikidang objek wiasa milik uni berbedabeda spektakuler gununggunung jawa timur jawa tengah wilayah dieng milik eksotisme sendiri kawah sikidang telaga warna bagus spot foto treking plus hawa sejuk unjung betah berlamalama luang lewat saksi sejarah bentuk datar tinggi dieng dieng teater sayang unjung dieng musim hujan indah matahari terbit legendaris dieng saran puncak musim kemarau dingin pandang spektakuler inap harga jangkau mudah temu objek wisata plus unjung sulit temu pangan lezat khas dieng jamur crispy carica,positive
176,berekspektasi kunjung kelola penuh jaja tertib kecewa bayang publikasi,negative
177,senang unjung datar tinggi diang kota wonosobo sejuk datar tinggi mirip datar tinggi nepal alam kontur tinggi sifat ubah suhu kunjung sarana bagus kecewa puncak pos uang tiket masuk tiket masuk dieng area rp wisatawan domestik tiket masuk telaga warna telaga pengilon area rpper orang wisatawan domestik kejut wisatawan mancanegara rp get real ngga masuk akal parkir mobil rp lokasi museum theater isi putar film pendek informatif rp oarng wisatawan domestik trus kena parkir rp kali parkir kena segitu kali parkir lokasi wisata sebar tiket masuk wisata lokasi mesti bayar masuk akal rasanyaketika coba cari inap kota dieng satu sedia inap kamar duduk rubah kamar kost standard paspasanmaaf lokasi bagus degan prasarana buruk maju wisata dieng sungguh sayang,negative
178,dieng pleteau indah datar tinggi suhu dingin dieng pleteau kabupaten wonosobo jalur masuk wonosobo purwokerto magelang banjarnegara dieng pletau kota indah tinggal sejarah saksi bisu sayang perhati perintah kembang wisata suasana daerah kental keluarga duduk ramah inap murah makan murah lahan tani lihat subur dieng pleteau negeri impi,positive
179,datar dewatempat sungguh biasaterletak plato dieng dinginkeramahan pendudukkuliner unik carica mie ongkloktempat wisata telaga warnatelaga cebongkawah kidang matahari terbit matahari senja populer matahari terbit benam bukit sikunir gunung prau,negative
180,kunjung kesini musim hujan pebruari unjung dieng dieng plateau kesan susah nikmat negeri awan datar tinggi dieng luas traveler suka jalan kaki mengeksplor objek wisata jalan kaki tiap sudut dieng tarik kunjung dar duduk minum kopi purwaceng khas dieng candi arjuna bima puntadewa sejarah tua prambanan traveler nikmat indah telaga warna kawh sikidang kepul asap bau belerang sengat lupa bawa masker kunjung kawah sikidang kawah candradimuka adapula sumur jalatunda penuh misteri dalam juluk negeri awan dieng awan kabut arah lembah gunung sindoro sumbing pandang nikmat sunrise lupa bawa baju tebalkarena suhu udara dingin malam pagi makan sedia kawasan datar tinggi dieng homestay hostel villa gantung selera harga kamar villanya sahabat kantong contoh kunjung kesana sewa rumah duduk villa kamar tidur ruang tenagh luas dapur kamar mandi panas air villa untyuk akomodasi orang bayar rp malam,negative
181,letak dua kabupaten banjarnegara wonosobomemiliki kekas kuliner carica papaya agam candi agam telaga air terjun kawah kultur anak gembelsangat sayang lewat wisata kabupaten banjarnegara kuliner dawet ayu salak arum jeram curug kebun binatang selamanik wisata keluarga surya yudha,negative
182,ungkap ucap bersyukurdari titik titik kota suguh pandang biasabatu ratap angintelaga warnacandi arjuna puncak sikunir indahdan homestay bu djono homestay baik layan sahabat merekakalian diengsalam traveller,positive
183,datar tinggi dieng rekomendasi traveller wisata tarik foto foto golden sunrise sikunir telaga warnapltudan candi tarik kunjung inap jangkau kawasan ribu,negative
184,jalan dieng jogja tempuh kali sepeda motor teman lewat rute jogja magelang tanggung wonosobo dieng jarak tempuh jam suhu dieng dingin lengkap jaket celana baju bahan hangat kupluk sepatu kaos kaki sarung tangan tutup kuping siap salah barang lengkap sebut atas tinggal khawatir dieng warungwarung jual lengkap dieng objek wisata kunjung objek wisata kunjung bukit sikunir nikmat indah sunrise bukit pandang candi arjuna wajib rugi kunjung,negative
185,jalan datar tinggi dieng yogyakarta penuh tantang lewat hutan jalan tukik tajam tanah rawan longsor tp datar tinggi dieng subhanallah cantik negeri awan mobil jalan awan hati lupa nyala lampu jarak jarak pandang sekian meter sana lgsung telaga warna kawah sikidang candi arjuna dieng surga sembunyi indonesia,negative
186,bosan unjung rencana meng eksplore datar,negative
187,puncak dieng gunung prau gunung sikunir telaga warna event budaya tradisional paket travel adventure komplit rekomendasi backpacker kereta kebumen pickuptravel wonosobo sktr jam jg kereta semarang travel wonosobo jam pake angkut puncak dieng angkut jam malam rekomendasi travel pd juliaugust hindar musim hujan dpt sunrise and sunset tambah pd byk aktivitas budaya masyarakat dieng hindar travel pd musim hujan septfeb asumsi hujan pd shg sulit sunrise sunset puncak prau sumber air so bawa bekal air trek terjal estimasi naikturun jam,negative
188,objek wisata wilayah dieng wonosobo agam candi danau kawah danau hijau keliling gunung meciptakan suasana alam sejuk tenang kawah keluar gas alam dekat berhatihati jual bunga edelweiss daerah berhatihati bunga asli capai wilayah mobil sewa masyarakat bus,negative
189,unjung dieng alam serudieng predikat datar tinggi nepal bayang sejuk dieng dieng malam sulit cari home stay sana home stay sedia harga breviaries wajib kunjung kompleks candi arjuna telaga warna kawah sikidang kawah sileri dieng plateu theatersemua kunjung puas nikmat indah dieng lupa beli carica buah khas tumbuh datar tinggi diengjika nikmat sejuk udara kunjung dieng negeri awan,positive
190,jalan dieng tempuh jam purworejo sulit lokasi tunjuk rambu pasuk kota wonosobo perhati dekat lokasi jalan aka muat mobil papas objek kunjung kawah telaga candi kebun lupa cicip carica pepaya khas dieng oleholeh,negative
191,jalan bandung kendara makan jam jalan bayar datar tinggi asri hijau udara seger banget inap mudah cari awal bangun pagi capai indah sunrise sikunir lanjut telaga warna kawah sikidang nonton theater kalah seru bukit milhat view telaga warna tinggi terkatakansungguh indah cipta tuhan dieng jalan bagi zona zona cinta alam lewat zona kawah seleri sumur jalatunda telaga merdada indah masingmasing esok hari lewat jogging track latar candi arjuna,negative
192,nyesel dieng jam kota wonosobo pandang keren dieng telaga warna candi arjuna museum kailasa dieng plateau theatre batu ratap subuh hunting sunrise kece badai puncak sikunir come and see,negative
193,salah objek wisata datar tinggi dieng kawah sikidang kawah identic bau belerang bawa anak kawah sikidang lupa bawa tutup hidung bau belerang sengat hawa dingin pasti lepas datarang libur kawah sikidang tambah tahu anak kawah,negative
194,dieng dr kota purwokerto bayar alam dieng takjub telaga warna gunung kandung belerang pandang alam indah sana,negative
195,datar tinggi dieng kabupaten banjarnegara wonosobo jawa tengah tinggi dpl objek kunjung danau warna kawah sikidang kompleks candi arjuna tumbuh endemis dieng carica pepaya ukur purwaceng tambah stamina,negative
196,dieng ada dieng culture festival agustus kemarin acara ada andal festival upacara potong rambut gimbal jazz atas awan ingat festival ramai tuju unjung objek wisata unjung kesan bukit sikunirnya treking jam pagi kejar matahari terbit pandang indah puncak gunung jawa pandang arah telaga cocok potopoto homestay murah dieng wisata dieng wisata murah oya bawa jaket baju hangat cuaca dieng dingin,positive
197,negeri awan juluk dieng wisata candi telaga gunung bukit nikmat sunrise suasana gunung dieng pakai jaket dingin malam,negative
198,pergi milik unsur sejarah unsur indah alam aktivitas outdoor datar tinggi dieng pas dieng bangun candi arjunabima candi indah biru turkoisnya danau telaga warna kawah sikidang magis cinta trekkingpendaki gunung pilih daki gunung sunrise bukit sikunir gunung prau kawasan dieng milik suhu dingin jaket tebal pergi dieng milik transport kendara jarang sewa motor homestay bu jono makan khas dieng carica manis pepaya mie ongklok dieng tempuh travel kota semarang wonosobo jam lanjut bus mini,negative
199,datar tinggi dieng simpan potensi wisata unjung candi arjuna telaga warna dieng sunrise cikunir gunung jalan dieng kelok kelok wisata dieng lupa beli carica,negative
200,jalan semarang dieng tempuh jam mobil pandang indah sore puncak gunung liput awan putih olah awan cuaca dingin jaket tebal danau warna favorit foto nikmat jagung bakar santa,negative
201,inap datar dieng menyenangkankarena bangun pagi kejar matahari terbit gunung kunirluar indah awan kabut pagi sayang akses jalan lembah gunung kunir nyaman,positive
202,wisata dieng penasaran pesona golden sunrise indah minggu serta orang teman kantor putus wisata dieng tempuh jalan kereta rayu malam lelah jalan darat purwokerto dieng jam datar tinggi dieng kesan rasa penat kepala hilang anugrah tuhan indah pagi besok takjub indah golden sunrise puncak bukit sikunir sungguh lelah jalan puncak sikunir bayar indah katakata negeri atas awan,positive
203,semangat unjung dieng harap daki puncak matahari terbit pagi kecewa capai puncak jalan curam licin kaki gunung jalan kaki info km semangat jalan kaki semangat hasil cape duluan nyerah deh hati obat pandang indah udara dingin sejuk nafas lega merdeka benah senang unjung,negative
204,sejuk nyaman indah jalan berkelokkelok kental kultur adat sampe nyasar desa dieng nemu jalan buntu takjub,negative
205,indah hawa sejuk tenang cuaca konon gas uap kawah bahaya mnjadi sang pangeran sentuh awan langsung allah maha,negative
206,jawaika karna kenal pesat musik reggaenya anakanak rambut gimbal pulau jawa negeri atas awan kawasan datar tinggi tinggi dpm muka laut,negative
207,agustus kemaren dieng ritual rambut gimbal potong rameeee dieng so far obyek wisata tawar tarik tarik sampah betebaran area obyek wisata,negative
208,its my first solo travelling datar tinggi dieng saran kesana ambil terbang pagi pesawat kereta malam kereta api dieng magelang midro bus terminal bus semarang tunggu secang lancar jam dr jogja wonosobo wonosobo transit dieng enak sewa motor lupa bawa jaket tebal sarung tangan kanebo sepatu nyaman kesana libur macet bokk jalan udah suguh pandang pengunungan kiri kanansemakin kebun kentang kiri kanan jalanindah kunjung sana telaga warna telaga pengilon letak damping warna pengaruh sayang sampah telaga warna dominasi warna hijau dangkal semua sisi pandang indah kawah sikidang komplek candi arjuna museum kaliasa sayang lewat recommended kunjung primadona sunrise gunung sikunir liat sesal kesana,positive
209,dieng salah lokasi wisata gunung jawa puncak tangkuban perahu kaliurang kopeng cemaro sewu gunung batur hemat dieng lengkap terasik dar bagi cerita keluarga nikmat rombong dewasa anak remaja anak pakai mobil kijang juli dengar tanggal juli raya budaya dieng sayang kecele perayaaanya undur tanggal agustus subuh langsung cari inap inap pilih home stay arjuna mesjid buka subuhsubuh parkir biaya kamar lumayan bersih air hangat sambut ramah langsung tawar jasa guide allin orang terima putus bagus mas guide tempattempat indah dieng lokasilokasi jadwal wisata malam pagi mobil telaga warna tenang damai pagi museum dieng lihat telaga warna bukit indah lihat keliling lihat pltp gas alam senang sains siang kawah sikidang lumpur panas gelegak candi bima arjuna dll tinggal leluhur banding prambanan borobudur makan siang lokasi candi pulang istirahat sore jalan kaki keliling kota lihat souvenir main taman hibur rakyat ramadhan main rakyat murah ukur orang kota main korakora komidi putar kincir dll tidur malam subuh pakai mobil gunung sikunir daki kunir sunrise pandang putar indah gunung sikunir anak kecil kuat mendak keluarga nikmat berlamalama jam turun siang checkout mobil turun wonosobo nikmat pandang kebun jalan tips wisata nyaman bawa mobil off road kuat nanjak periksa radiator kopling lupa isi bensin penuh wonosobo bawa makan anak makan dieng batas bawa jaket sepatu kuat dieng jual sapu tangan kupluk topi masker banyak mobile phone sinyal rendah bawa kamera digital memory kosong heran hargaharga dieng mahal wajar turis takut belanja beli orang kota,positive
210,kali unjung keluarga temanteman dieng datar tinggi vulkanik kawah aktif saat musim kemarau suhu udara dingin beku air kadang turun hujan es obyek wisata kunjung kawasan candikawahkawah danaudanau vulkanik warna warni kandung belerang tarik unjung kawah sikidang kawah milik lubang kepundan pindah melompatlompat kijangsikidang curah hujan datar tinggi dieng bilang turun hujan kunjung ideal sore selamat libur,negative
211,tempuh jalan arah purwokertopurbalinggabanjarnegarawonosobodieng suguh pandang tarik jalan relatif bagus mulus datar tinggi jam siang beli tiket terus rupiah obyek wisata candi arjuna kawah sikidang film dokumenter dieng candi tigawarna sambut udara dingin lokasi wisata tata ganggu nafas saran bawa masker kunjung kawah sikidang hubung bau sulfur so hs kadang tusuk hidung ringkas seluk beluk dieng lewat putar film dokumentar isi informasi tarik layak kunjung keluarga spot foto tarik,positive
212,gunung dieng letak kota wonosobo jawa tengah udara dingin paksa pakai topi gunung tahan dingin objek wisata kunjung kawah ijen candi danau pancawarna dll kes orang pikul belerang puncak gunung tampung timbang sadar tambang belerang yaa hidup hasil tambang belerang puncak gunung turun kebun tepat pabrik kaleng jamur kancing pandang jalan bagus jalan sempit bagus bengkel sekitar kunjung kesini pasti kendara sehat,positive
213,suasana tenang sejuk dingin sunrise kumpul kaki gunung jam pagi jalan makan menit jalan kaki,negative
214,wisata favorit dieng jalan senang wisata rapih atur keluarga jasa pandu wisata arah wisata bapak cerita objek wisata dieng top pokok wisata dieng,negative
215,jalur liku bukit dingin gigit pagi gelap buru sunset termashur sikunir dieng lelah bukit sikunir bayar betapa indah sunset agung gunung sindoro sungguh sunset dieng indah lupa hati orang saksi jeram rayu jeram km jam,positive
216,datar tinggi dieng datar tinggi indah sejuk pandang udara sejuk daerah kota lelah bayar tempuh jam jalan jogja pandang hirup udara sejuk makan jalan jam kendara bayar,negative
217,telaga kawah gunung dieng alam wisata amazing candi dieng beda borobudur pandang indah jalan puncak dieng udara dingin jadi wisata dieng plateau,positive
218,sepeda motor sewa dr milik salah hotel dieng jah daerah bukit dieng kesan dr alam temu tani dieng manfaat jengkal tanah subur dieng kebun sayur sayur tata apik asri teras teras ikut alur jengkal asli tanah asli fully cultivated hills and flat land proving the hardworking dieng farmer and the fertility of the soil,positive
219,adab tinggi kebun sayur buahbuahan view kagum recommended kunjung ramah warga warna,negative
220,kabbanjarnegara jateng sangka wil wonosobo jam jalan mobil pribadi kota diy kenal indah golden sunrise dati puncak bukit sikunir golden sunrise cantik dieng lokasi wisata indah jarak dekat candicandi telaga warna kawah sikidang sumur jalatunda kuliner kenal wonosobo mie ongklok santap sate sapi keripik kentang jamur kacang khas dieng jadi oleholeh buah khas dieng kenal carica jenis pepaya jadi manis khas dieng suhu dieng dingin malam juliagustus saking dingin pad musim hujan siang nafas kepul uap hidung mulut heran tanah dieng subur indah,positive
221,takjub pandang indah udara dingin top banget deh kunjung ken kesana,negative
222,rasa jalan awan cocok kesini jarak jam yogyakarta kesana jam sore suguh awan bukit dieng sana unjung candi candi sperti lihat berita indah pandang meihat candi limut awan seakanakan awan,negative
223,datar tinggi dieng letak provinsi jawa tengah wilayah masuk wilayah kabupaten wonosobo wilayah kabupaten banjarnegara datar tinggi dieng milik pandang alam indah candicandi tambah daya tarik kawasan administrasi datar tinggi dieng masuk wilayah kabupaten banjarnegara masuk wilayah kabupaten wonosobo daya tarik wisata wilayah dieng milik potensi bidang agribisnis komoditas kentang komoditas utama wilayah tanam khas dieng carica pepaya cabe dieng purwoceng carica jadi manis purwaceng khasiat tambah stamina tubuh agribisnis panas bumi salah potensi daerah milik datara dieng datar tinggi dieng desa sembung desa tinggi pulau jawa tinggi desa sembung dpl objek wisata kunjung dieng sunrise bukit sikunir telaga warna telaga cebong telaga cebong dieng plateu theater candi kawah sikidang,positive
224,cinta dingin cocok letak kota wonosobo kaget malam udara dieng turun drastis akan musim dingin eropa datar janji gudang cerita objek foto indah gunung ladangladang duduk bentang indah danaudanau warna sunrise pagi pandang gunung sindoro makan obatobatan khas carica purwaceng daya tarik kawasan wisata,positive
225,dieng arah kajen kalong langsung sambut pandang kebun karet lanjut hampar kebun teh desa batur jalan luas jenis jalan aspal desa muat mobil tanjak mohon berhatihati bawa kendara pribadi dieng sambut udara dingin pandang komplek candi arjuna senang komplek penuh sampah unjung tanggung sayang inap homestay agam ratarata sedia water heater fasilitas dapur harga rb kamar inap musim libur lebaran,negative
226,saji cantik eksotisdari jogyakarta arah barat kmmasuk kawasan panorama takjub udara dingin siang sd derajat celcius malam derajat kondisi beda sebab masyarakat pakai berbedarumah duduk sulap inap wisatawan,positive
227,berangkat wates yogyakarta wonosobo jam pagiperjalanan dieng debar musim hujan inap dieng pass jam soresetelah mampir wonosobo makan siangmas agus milik inap kabar gembirabahwa sore dieng cerahpadahal siang turun hujan buta objek wisata diengkami jasa tourguide harga rbu pandu wisata kawasan dieng golden sunrise tarif wisata alam dieng terjangkautiket terus harga rb orang masuk kawasankecuali telaga warna tour kawah sikidangdari parkir cium bau belerang menyengatkepulan asap kawah suasana alam sendu menakjubkanhawa sejuk dinginmenyambutdan subhanallah kawah utama wajan raksasa ituterlihat cair pekat lumpur didih bergejolakyg konon suhu derjatallah maha kawasan telaga warna pengilontidak unjung gua objek kawasan itusaya terpesonaindah sekalitak wakil keindahannyabahkan kawasan alam perawan itumembuat allah maha penciptaterasa jelang maghribkami kawasan candi arjunasepertinya telaga kawasan itutapi hawa dingin dieng gigit tulanguntungnya inap sedia selimut tebaljam dinihari puncak sikunir saksi lukis mahakarya kuasasayasuamianak ku umur naikajaibdi musim penghujanpagi capai puncak cerahsubhanalahindahdan pesona wakil lupau sikunir bauk bawa bekal rotimeski puncak jajanantapi trnyata antri capai wisata alam dieng penuh tantangankarena medan tanjak berlikunamun kesanpengalaman pandang takjub besar allahnyata papar sahaja inap diengtidak bega keterbatasankarena pesona alam sempurna menakjubkandi inap sedia sarap air hangat mandimenambah sempurna indah segar pagi dieng,positive
228,objek wisata alami tawar dieng kunjung keluarga teman pasang orangorang cinta candicandinya kawah sikidang sunrise telaga agrowisat mandi air panas inap sana relatif murah lho,negative
229,antar jalan datar tinggi dieng libur magelang jogja purwokerto jalan libur dieng salah kawasan kunjung rencana seri libur masuk dieng ciwidey bandung konon suasana dieng ciwidey libur coret ciwedey masuk dieng tanggung udah masuk jawa tengah huehehe jalan dieng jam pagi inap kota magelang lewat kota secang tanggung para wonosobo dieng pandang alam bagus jalanjalan kelok jalan magelang dieng jarak kilometer tempuh jam uhhhh lumayan pasuk kawasan dieng unjung dieng kena retribusi perak orang ribu rupiah mobil gw pikir bayar retribusi sudahmasuk kawasan dieng tempuh jalan tanjak menit pos karcis walahhh retribusi karcis terus dufan unjung karcis rupiah orang rupiah mobil pasuk kawasan dieng cuaca dingin turun kabut pos karcis sempet mampir gardu pandang tieng letak tinggi meter atas muka laut gardu pandang nampak hampar gunung indah konon kabar gardu pandang siluet emas pukau matahari terbit pagi golden sunrise lanjut dieng sunrise warna pera silver sunrise datang pagi kesini matahari terbit jajah kawasan dieng sulit letak obyek wisata lingkar mudah selusur kendara pos karcis terus telaga warna karcis terus bayar tiket masuk rupiah orang jalan kaki temu telaga warna telaga pantul aneka warna pantul warna hijau biru telaga samping telaga pangilon kilau cermin telaga gua mar milik meter dinding batu meditasi samping sumber air suci tirta prawitasari gua pengantin jelang kawasan telaga gw foto monyet situ asa sangeh telaga warna gw dieng plateu theater kilas bangun theater rumah adat mang makna balik bentuk bangun bangun bioskop putar tunjuk film cerita asalusul bentuk datar tinggi dieng konon bentuk garagara letus gunung rap mohon maaf film henti gara listrik mati huahaha jakarta dieng ajamati lampu paksa gw theater cerita gantung persis theater parkir mobil bangkit listrik tenaga panas bumi huuhhh bangkit listrik persis jidat mati lampu sebel gw makan somay panas theater hehehe cuaca dingin somay banyak sagu enak theater lanjut jalan mobil kawasan candi hindu dieng komplek candi gatot kaca arjuna bima parikesit magersari candi prambanan borobudur kesan tarik candi limut kabut bungkus batu candi cipta suasana syahdu mistis prasasti situs dieng komplek bangun candi kelompok bangun abad vii xiii bakti dewa syiwa sakti syiwa istri syiwa kawasan candi hindu gw keliling pakai mobil nikmat suasana dingin datar tinggi dieng salah sudut kawah sileri telaga air panas luas bentuk gara prsoses vulkanis air warna air cuci beras orang leri obyek wisata kawasan kunjung air terjun sikarim agrowisata tambi kebun karang gantung sayang batas paksa kunjung singkat dieng sudah jam sore capai bandara adisucipto jogjakarta catat nyaman inap malam dieng hotel tawar penuh syarat hotel bagus at least nikmat suasana dingin dieng syahdu hotelhotel bagus wonosobo dieng langsung magelang belah kanan belok para somay enak harga biji quite good lumayan ganjel perut sampa magelang makan and mandi adisucipto jogjakarta sampa bandara adisucipto jogja gw mampir stasiun maguwo photo session sholat makan crepes ice cream chocolate plus potong dunkin donut,positive
230,dieng nama datar tinggi ujung utara kabupaten wonosobo indah pukau udara sejuk gunung rimbun pohon hijau jalan tanjak suguh indah alam pantul genang air telaga warna salah suka eksotisme alam gumpal kabut tipis abadi moment bahagia serta keluarga pose kabutkabut tipis indah objek wisata candi museum dieng teatre tambah pilih kunjung desa dieng,positive
231,kunjung kawasan dieng bari libur lebaran unjung datar tinggi dieng kesan luas pandang indah banding daerah udara dingin sejuk sun rise indah jalan mulus duduk ramah obyek wisata alam tarik kunjung kurang kurang peta objek wisata tunjuk arah mudah sebentar unjung datar tinggi dieng kunjung,negative
232,jalan lelah keluh penasaran tantang pasti andaanda kali kunjung rindu mampir kesini pukau pesona alam asri tambah hawa sejuk pandang kalah tarik saksi sejarah tradisi dieng pagelaran teater nikmat pandang telaga warna indah candicandi gua kawah blerang lupa kuliner jajan khas dieng rindu makan kentang mie ongklok saking wisata kunjung dieng lupa namanama wisata tahu libur cuti kesana saudara juli agustus udara salju percik air beku and missing that,positive
233,ribu manusia penuh kompleks celataran kompleks candi arjuna dieng kbupara paten banjarnegara pesona alam wisatawan saksi ritual cukur rambut gimbal agenda budaya tahun tanah dieng rambut gimbal tempel tumbuh kepala anakanak anggap sukerta ata buang gimbal rambut lengket awutawtan rupa rambut gelandang keramas rambut tumbuh alami anakanak datar tinggi dieng medis belim sebab tumbuh dahulu demam panas igau tidur demam panas turun rambut sang anak kusut satu ritual cukur rambut gimbal limut legenda anakanak gimbal turun anak bajang asal laut selatan rambut representasi anak bajang kembali kuasa laut selatan ruwat larung ruwat rambut gimbal kyai kolodete nini roro ronce yakin leluhur tanah dieng anakanak gimbal hinggi temu tanah dieng tanah yakin dewa,negative
234,datar tinggi dieng manja pandang hijaun udara dingin amaaat segaaaarrr dieng bangun candi kenal candi pendawa limo candi nama pendowo limo dlunya singgah pendowo limo hnya danau telaga warnan kawah sikidaaaang nyeseeel dech jka junjung dieng,negative
235,dieng plateau sempurna jadi wisata banyak objek wisata unik nila historis sayang kawasan kelola telaga warna komplex candi dieng museum kailasa dieng plateau theater kawah sikidang etc lewat buru sunrise dieng indah jalan pulang suguh pandang ladang kentang tingkat cantik foto,positive
236,dieng wisata wisata komplit sana danau aneh warna ubah rubah indah danau damping warna hijau coklat danau damping adakawah bibir kawah musium tonton film situs situs tinggal puncak gunung tempuh jalan kaki jarak km dieng plateau theatre mana situ tayang film peristiwa dieng letus akibat korban orang ragam unik kaum laki laki herbal vitalitas purwoceng nama ngetopnya viagra van java tarik sana anak rambut gimbal potong ada ritual rambut larung sungai rayu percaya buang sial aneh larung rambut anak gimbal nggak sakit sakit panas lucu upacara potong rambut gimbal minta special anak kabul anak sepeda minta tepat suhu dieng dingin sejuk pakai jaket tebal,negative
237,sungguh wisata kesan heran dieng tereksplore promosi keliar medan sulit krena kurang hotel nyaman bersih inap kota wonosobo,negative
